{
  "drive": {
    "p": 0.006,
    "i": 0.0000000,
    "d": 0.25,
    "f": 0,
    "iz": 0
  },
  "angle": {
    "p": 0.009,
    "i": 0,
    "d": 0,
    "f": 0.00005,
    "iz": 0
  }
}